exp_time,od_measured,od_setpoint,od_zero_setpoint,thermostat_setpoint,heating_rate,internal_air_temp,external_air_temp,media_temp,opt_gen_act_int,pump_1_rate,pump_2_rate,pump_3_rate,pump_4_rate,media_vol,stirring_rate,LED_395nm_setpoint,LED_457nm_setpoint,LED_500nm_setpoint,LED_523nm_setpoint,LED_595nm_setpoint,LED_623nm_setpoint,LED_6500K_setpoint,laser_setpoint,LED_UV_int,FP1_base,FP1_emit1,FP1_emit2,FP2_base,FP2_emit1,FP2_emit2,FP3_base,FP3_emit1,FP3_emit2,custom_prog_param1,custom_prog_param2,custom_prog_param3,custom_prog_status,zigzag_target,growth_rate
0.19,0.27686778912464194,0.0,17295.0,37.0,1.0,22.5625,27.125,22.370000000000005,0.0,0.0025,0.0,0.0,0.0,20.0,0.3,0.1,0.1,0.1,0.1,0.1,0.1,0.1,0.5,0.0,0.0,0.0,0.0,0.0,0.0,0.0,0.0,0.0,0.0,0.0,0.0,0.0,0.0,0.0,0.0
60.26,-0.006508987459588892,0.0,17295.0,37.0,1.0,22.625,27.0625,23.090000000000032,0.0,0.0025,0.0,0.0,0.0,20.0,0.3,0.1,0.1,0.1,0.1,0.1,0.1,0.1,0.5,0.0,0.0,0.0,0.0,0.0,0.0,0.0,0.0,0.0,0.0,0.0,0.0,0.0,0.0,0.0,0.0
120.31,-0.004959967237395688,0.0,17295.0,37.0,1.0,23.0625,26.9375,24.150000000000034,0.0,0.0025,0.0,0.0,0.0,20.0,0.3,0.1,0.1,0.1,0.1,0.1,0.1,0.1,0.5,0.0,0.0,0.0,0.0,0.0,0.0,0.0,0.0,0.0,0.0,0.0,0.0,0.0,0.0,0.0,0.0
180.37,-0.014074020073134852,0.0,17295.0,37.0,1.0,23.625,27.0,25.55000000000001,0.0,0.0025,0.0,0.0,0.0,20.0,0.3,0.1,0.1,0.1,0.1,0.1,0.1,0.1,0.5,0.0,0.0,0.0,0.0,0.0,0.0,0.0,0.0,0.0,0.0,0.0,0.0,0.0,0.0,0.0,0.0
240.45,-0.023298531250061802,0.0,17295.0,37.0,1.0,24.3125,27.0,26.79000000000002,0.0,0.0025,0.0,0.0,0.0,20.0,0.3,0.1,0.1,0.1,0.1,0.1,0.1,0.1,0.5,0.0,0.0,0.0,0.0,0.0,0.0,0.0,0.0,0.0,0.0,0.0,0.0,0.0,0.0,0.0,0.0
300.5,-0.019289399834469815,0.0,17295.0,37.0,1.0,24.9375,27.0,28.07000000000005,0.0,0.0025,0.0,0.0,0.0,20.0,0.3,0.1,0.1,0.1,0.1,0.1,0.1,0.1,0.5,0.0,0.0,0.0,0.0,0.0,0.0,0.0,0.0,0.0,0.0,0.0,0.0,0.0,0.0,0.0,0.0
360.56,-0.021022455950309153,0.0,17295.0,37.0,1.0,25.625,27.0625,29.190000000000055,0.0,0.0025,0.01,0.0,0.0,20.0,0.3,0.1,0.1,0.1,0.1,0.1,0.1,0.1,0.5,0.0,0.0,0.0,0.0,0.0,0.0,0.0,0.0,0.0,0.0,0.0,0.0,0.0,0.0,0.0,0.0
420.64,-0.033909894161239976,0.0,17295.0,37.0,1.0,26.375,27.25,30.710000000000036,0.0,0.0025,0.01,0.0,0.0,20.0,0.3,0.1,0.1,0.1,0.1,0.1,0.1,0.1,0.5,0.0,0.0,0.0,0.0,0.0,0.0,0.0,0.0,0.0,0.0,0.0,0.0,0.0,0.0,0.0,0.0
480.73,-0.028005337423671225,0.0,17295.0,37.0,1.0,27.0625,27.125,32.05000000000001,0.0,0.0025,0.01,0.0,0.0,20.0,0.3,0.1,0.1,0.1,0.1,0.1,0.1,0.1,0.5,0.0,0.0,0.0,0.0,0.0,0.0,0.0,0.0,0.0,0.0,0.0,0.0,0.0,0.0,0.0,0.0
540.78,-0.026725625483137214,0.0,17295.0,37.0,1.0,27.75,27.0,33.410000000000025,0.0,0.0025,0.01,0.0,0.0,20.0,0.3,0.1,0.1,0.1,0.1,0.1,0.1,0.1,0.5,0.0,0.0,0.0,0.0,0.0,0.0,0.0,0.0,0.0,0.0,0.0,0.0,0.0,0.0,0.0,0.0
600.85,-0.02317545569879731,0.0,17295.0,37.0,1.0,28.4375,26.9375,34.43000000000001,0.0,0.0025,0.01,0.0,0.0,20.0,0.3,0.1,0.1,0.1,0.1,0.1,0.1,0.1,0.5,0.0,0.0,0.0,0.0,0.0,0.0,0.0,0.0,0.0,0.0,0.0,0.0,0.0,0.0,0.0,0.0
660.93,-0.013278106199613868,0.0,17295.0,37.0,0.4216999999999868,29.0625,26.875,35.370000000000005,0.0,0.0025,0.01,0.0,0.0,20.0,0.3,0.1,0.1,0.1,0.1,0.1,0.1,0.1,0.5,0.0,0.0,0.0,0.0,0.0,0.0,0.0,0.0,0.0,0.0,0.0,0.0,0.0,0.0,0.0,0.0
720.98,-0.016865130604613466,0.0,17295.0,37.0,0.4445999999999901,29.4375,26.9375,35.39000000000004,0.0,0.0025,0.01,0.0,0.0,20.0,0.3,0.1,0.1,0.1,0.1,0.1,0.1,0.1,0.5,0.0,0.0,0.0,0.0,0.0,0.0,0.0,0.0,0.0,0.0,0.0,0.0,0.0,0.0,0.0,0.0
781.06,-0.015027348331543379,0.0,17295.0,37.0,0.5004999999999944,29.6875,27.0625,35.51000000000005,0.0,0.0025,0.01,0.0,0.0,20.0,0.3,0.1,0.1,0.1,0.1,0.1,0.1,0.1,0.5,0.0,0.0,0.0,0.0,0.0,0.0,0.0,0.0,0.0,0.0,0.0,0.0,0.0,0.0,0.0,0.0
841.15,-0.0203435821343663,0.0,17295.0,37.0,0.528699999999993,29.9375,27.125,35.39000000000004,0.0,0.0025,0.01,0.0,0.0,20.0,0.3,0.1,0.1,0.1,0.1,0.1,0.1,0.1,0.5,0.0,0.0,0.0,0.0,0.0,0.0,0.0,0.0,0.0,0.0,0.0,0.0,0.0,0.0,0.0,0.0
901.23,-0.024496104002253195,0.0,17295.0,37.0,0.5977999999999836,30.125,27.3125,35.450000000000045,0.0,0.0025,0.01,0.0,0.0,20.0,0.3,0.1,0.1,0.1,0.1,0.1,0.1,0.1,0.5,0.0,0.0,0.0,0.0,0.0,0.0,0.0,0.0,0.0,0.0,0.0,0.0,0.0,0.0,0.0,0.0
961.31,-0.022057075299455456,0.0,17295.0,37.0,0.5590999999999943,30.375,27.4375,35.53000000000003,0.0,0.0025,0.01,0.0,0.0,20.0,0.3,0.1,0.1,0.1,0.1,0.1,0.1,0.1,0.5,0.0,0.0,0.0,0.0,0.0,0.0,0.0,0.0,0.0,0.0,0.0,0.0,0.0,0.0,0.0,0.0
1021.37,-0.02637945908945384,0.0,17295.0,37.0,0.49879999999999025,30.5625,27.375,35.910000000000025,0.0,0.0025,0.01,0.0,0.0,20.0,0.3,0.1,0.1,0.1,0.1,0.1,0.1,0.1,0.5,0.0,0.0,0.0,0.0,0.0,0.0,0.0,0.0,0.0,0.0,0.0,0.0,0.0,0.0,0.0,0.0
1081.45,-0.028194011136359044,0.0,17295.0,37.0,0.5284999999999896,30.75,27.5,35.910000000000025,0.0,0.0025,0.01,0.0,0.0,20.0,0.3,0.1,0.1,0.1,0.1,0.1,0.1,0.1,0.5,0.0,0.0,0.0,0.0,0.0,0.0,0.0,0.0,0.0,0.0,0.0,0.0,0.0,0.0,0.0,0.0
1141.53,-0.032691998611603656,0.0,17295.0,37.0,0.5639999999999795,30.875,27.625,35.99000000000001,0.0,0.0025,0.01,0.0,0.0,20.0,0.3,0.1,0.1,0.1,0.1,0.1,0.1,0.1,0.5,0.0,0.0,0.0,0.0,0.0,0.0,0.0,0.0,0.0,0.0,0.0,0.0,0.0,0.0,0.0,0.0
1201.62,-0.03169685569442736,0.0,17295.0,37.0,0.5488999999999871,31.0,27.625,35.450000000000045,0.0,0.0025,0.01,0.0,0.0,20.0,0.3,0.1,0.1,0.1,0.1,0.1,0.1,0.1,0.5,0.0,0.0,0.0,0.0,0.0,0.0,0.0,0.0,0.0,0.0,0.0,0.0,0.0,0.0,0.0,0.0
1261.67,-0.04030304459944388,0.0,17295.0,37.0,1.0,30.875,27.5625,34.690000000000055,0.0,0.0025,0.01,0.0,0.0,20.0,0.3,0.1,0.1,0.1,0.1,0.1,0.1,0.1,0.5,0.0,0.0,0.0,0.0,0.0,0.0,0.0,0.0,0.0,0.0,0.0,0.0,0.0,0.0,0.0,0.0
1321.73,-0.032612707742319974,0.0,17295.0,37.0,0.7106999999999811,31.0625,27.75,35.53000000000003,0.0,0.0025,0.01,0.0,0.0,20.0,0.3,0.1,0.1,0.1,0.1,0.1,0.1,0.1,0.5,0.0,0.0,0.0,0.0,0.0,0.0,0.0,0.0,0.0,0.0,0.0,0.0,0.0,0.0,0.0,0.0
1381.77,-0.02084329165621819,0.0,17295.0,37.0,0.6417999999999815,31.3125,27.6875,36.05000000000001,0.0,0.0025,0.01,0.0,0.0,20.0,0.3,0.1,0.1,0.1,0.1,0.1,0.1,0.1,0.5,0.0,0.0,0.0,0.0,0.0,0.0,0.0,0.0,0.0,0.0,0.0,0.0,0.0,0.0,0.0,0.0
1441.85,-0.014777239445768737,0.0,17295.0,37.0,0.532299999999976,31.5,27.75,36.57000000000005,0.0,0.0025,0.01,0.0,0.0,20.0,0.3,0.1,0.1,0.1,0.1,0.1,0.1,0.1,0.5,0.0,0.0,0.0,0.0,0.0,0.0,0.0,0.0,0.0,0.0,0.0,0.0,0.0,0.0,0.0,0.0
1501.89,-0.025333333255110554,0.0,17295.0,37.0,0.4434999999999865,31.625,27.625,36.870000000000005,0.0,0.0025,0.01,0.0,0.0,20.0,0.3,0.1,0.1,0.1,0.1,0.1,0.1,0.1,0.5,0.0,0.0,0.0,0.0,0.0,0.0,0.0,0.0,0.0,0.0,0.0,0.0,0.0,0.0,0.0,0.0
1561.94,-0.029720010070533282,0.0,17295.0,37.0,0.4507999999999765,31.8125,27.6875,36.870000000000005,0.0,0.0025,0.01,0.0,0.0,20.0,0.3,0.1,0.1,0.1,0.1,0.1,0.1,0.1,0.5,0.0,0.0,0.0,0.0,0.0,0.0,0.0,0.0,0.0,0.0,0.0,0.0,0.0,0.0,0.0,0.0
1622.0,-0.019366735285486648,0.0,17295.0,37.0,0.33329999999997617,31.875,27.75,37.09000000000003,0.0,0.0025,0.01,0.0,0.0,20.0,0.3,0.1,0.1,0.1,0.1,0.1,0.1,0.1,0.5,0.0,0.0,0.0,0.0,0.0,0.0,0.0,0.0,0.0,0.0,0.0,0.0,0.0,0.0,0.0,0.0
1682.07,-0.020810204672903725,0.0,17295.0,37.0,0.23379999999997686,31.9375,27.375,37.55000000000001,0.0,0.0025,0.01,0.0,0.0,20.0,0.3,0.1,0.1,0.1,0.1,0.1,0.1,0.1,0.5,0.0,0.0,0.0,0.0,0.0,0.0,0.0,0.0,0.0,0.0,0.0,0.0,0.0,0.0,0.0,0.0
1742.15,-0.02809292043732496,0.0,17295.0,37.0,0.18709999999998045,31.9375,27.4375,37.670000000000016,0.0,0.0025,0.01,0.0,0.0,20.0,0.3,0.1,0.1,0.1,0.1,0.1,0.1,0.1,0.5,0.0,0.0,0.0,0.0,0.0,0.0,0.0,0.0,0.0,0.0,0.0,0.0,0.0,0.0,0.0,0.0
1802.23,-0.02831571160884138,0.0,17295.0,37.0,0.1892999999999705,31.8125,27.25,37.610000000000014,0.0,0.0025,0.01,0.0,0.0,20.0,0.3,0.1,0.1,0.1,0.1,0.1,0.1,0.1,0.5,0.0,0.0,0.0,0.0,0.0,0.0,0.0,0.0,0.0,0.0,0.0,0.0,0.0,0.0,0.0,0.0
1862.31,-0.02365450981557099,0.0,17295.0,37.0,0.20859999999997597,31.75,27.125,37.29000000000002,0.0,0.0025,0.01,0.0,0.0,20.0,0.3,0.1,0.1,0.1,0.1,0.1,0.1,0.1,0.5,0.0,0.0,0.0,0.0,0.0,0.0,0.0,0.0,0.0,0.0,0.0,0.0,0.0,0.0,0.0,0.0
1922.35,-0.018435234095079512,0.0,17295.0,37.0,0.18239999999996936,31.5625,27.0,37.43000000000001,0.0,0.0025,0.01,0.0,0.0,20.0,0.3,0.1,0.1,0.1,0.1,0.1,0.1,0.1,0.5,0.0,0.0,0.0,0.0,0.0,0.0,0.0,0.0,0.0,0.0,0.0,0.0,0.0,0.0,0.0,0.0
1982.4,-0.025122930365269993,0.0,17295.0,37.0,0.2562999999999763,31.4375,26.9375,37.110000000000014,0.0,0.0025,0.01,0.0,0.0,20.0,0.3,0.1,0.1,0.1,0.1,0.1,0.1,0.1,0.5,0.0,0.0,0.0,0.0,0.0,0.0,0.0,0.0,0.0,0.0,0.0,0.0,0.0,0.0,0.0,0.0
2042.44,-0.025035001523702704,0.0,17295.0,37.0,0.2131999999999794,31.3125,27.0,37.170000000000016,0.0,0.0025,0.01,0.0,0.0,20.0,0.3,0.1,0.1,0.1,0.1,0.1,0.1,0.1,0.5,0.0,0.0,0.0,0.0,0.0,0.0,0.0,0.0,0.0,0.0,0.0,0.0,0.0,0.0,0.0,0.0
2102.52,-0.022411176627309213,0.0,17295.0,37.0,0.2830999999999667,31.1875,27.0,37.09000000000003,0.0,0.0025,0.01,0.0,0.0,20.0,0.3,0.1,0.1,0.1,0.1,0.1,0.1,0.1,0.5,0.0,0.0,0.0,0.0,0.0,0.0,0.0,0.0,0.0,0.0,0.0,0.0,0.0,0.0,0.0,0.0
2162.57,-0.017819804383360966,0.0,17295.0,37.0,0.2826999999999753,31.1875,27.0,37.09000000000003,0.0,0.0025,0.01,0.0,0.0,20.0,0.3,0.1,0.1,0.1,0.1,0.1,0.1,0.1,0.5,0.0,0.0,0.0,0.0,0.0,0.0,0.0,0.0,0.0,0.0,0.0,0.0,0.0,0.0,0.0,0.0
2222.65,-0.030578861683414983,0.0,17295.0,37.0,0.21959999999996732,31.125,27.125,36.89000000000004,0.0,0.0025,0.01,0.0,0.0,20.0,0.3,0.1,0.1,0.1,0.1,0.1,0.1,0.1,0.5,0.0,0.0,0.0,0.0,0.0,0.0,0.0,0.0,0.0,0.0,0.0,0.0,0.0,0.0,0.0,0.0
2282.72,-0.021545899522851755,0.0,17295.0,37.0,0.2741999999999686,31.0625,27.25,36.950000000000045,0.0,0.0025,0.01,0.0,0.0,20.0,0.3,0.1,0.1,0.1,0.1,0.1,0.1,0.1,0.5,0.0,0.0,0.0,0.0,0.0,0.0,0.0,0.0,0.0,0.0,0.0,0.0,0.0,0.0,0.0,0.0
2342.8,-0.022031776555308528,0.0,17295.0,37.0,0.3320999999999702,31.0,27.1875,36.79000000000002,0.0,0.0025,0.01,0.0,0.0,20.0,0.3,0.1,0.1,0.1,0.1,0.1,0.1,0.1,0.5,0.0,0.0,0.0,0.0,0.0,0.0,0.0,0.0,0.0,0.0,0.0,0.0,0.0,0.0,0.0,0.0
2402.86,-0.020013322896975813,0.0,17295.0,37.0,0.4345999999999682,30.9375,27.1875,35.55000000000001,0.0,0.0025,0.01,0.0,0.0,20.0,0.3,0.1,0.1,0.1,0.1,0.1,0.1,0.1,0.5,0.0,0.0,0.0,0.0,0.0,0.0,0.0,0.0,0.0,0.0,0.0,0.0,0.0,0.0,0.0,0.0
2462.94,-0.02046200621599801,0.0,17295.0,37.0,1.0,30.625,27.3125,34.51000000000005,0.0,0.0025,0.01,0.0,0.0,20.0,0.3,0.1,0.1,0.1,0.1,0.1,0.1,0.1,0.5,0.0,0.0,0.0,0.0,0.0,0.0,0.0,0.0,0.0,0.0,0.0,0.0,0.0,0.0,0.0,0.0
2523.01,-0.024532552651967025,0.0,17295.0,37.0,0.6907999999999608,30.6875,27.0625,35.53000000000003,0.0,0.0025,0.01,0.0,0.0,20.0,0.3,0.1,0.1,0.1,0.1,0.1,0.1,0.1,0.5,0.0,0.0,0.0,0.0,0.0,0.0,0.0,0.0,0.0,0.0,0.0,0.0,0.0,0.0,0.0,0.0
2583.06,-0.01105283293755114,0.0,17295.0,37.0,0.5524999999999685,30.875,27.125,36.13000000000005,0.0,0.0025,0.01,0.0,0.0,20.0,0.3,0.1,0.1,0.1,0.1,0.1,0.1,0.1,0.5,0.0,0.0,0.0,0.0,0.0,0.0,0.0,0.0,0.0,0.0,0.0,0.0,0.0,0.0,0.0,0.0
2643.11,-0.027109021877854418,0.0,17295.0,37.0,0.4140999999999715,31.125,27.125,36.85000000000002,0.0,0.0025,0.01,0.0,0.0,20.0,0.3,0.1,0.1,0.1,0.1,0.1,0.1,0.1,0.5,0.0,0.0,0.0,0.0,0.0,0.0,0.0,0.0,0.0,0.0,0.0,0.0,0.0,0.0,0.0,0.0
2703.17,-0.03669678580460485,0.0,17295.0,37.0,0.3693999999999695,31.1875,27.0625,37.01000000000005,0.0,0.0025,0.01,0.0,0.0,20.0,0.3,0.1,0.1,0.1,0.1,0.1,0.1,0.1,0.5,0.0,0.0,0.0,0.0,0.0,0.0,0.0,0.0,0.0,0.0,0.0,0.0,0.0,0.0,0.0,0.0
2763.23,-0.024811251243619555,0.0,17295.0,37.0,0.3042999999999667,31.375,27.0625,37.03000000000003,0.0,0.0025,0.01,0.0,0.0,20.0,0.3,0.1,0.1,0.1,0.1,0.1,0.1,0.1,0.5,0.0,0.0,0.0,0.0,0.0,0.0,0.0,0.0,0.0,0.0,0.0,0.0,0.0,0.0,0.0,0.0
2823.3,-0.026444230319981585,0.0,17295.0,37.0,0.2560999999999693,31.375,27.0,37.450000000000045,0.0,0.0025,0.01,0.0,0.0,20.0,0.3,0.1,0.1,0.1,0.1,0.1,0.1,0.1,0.5,0.0,0.0,0.0,0.0,0.0,0.0,0.0,0.0,0.0,0.0,0.0,0.0,0.0,0.0,0.0,0.0
2883.36,-0.032969850055638,0.0,17295.0,37.0,0.22229999999995798,31.375,26.9375,37.35000000000002,0.0,0.0025,0.01,0.0,0.0,20.0,0.3,0.1,0.1,0.1,0.1,0.1,0.1,0.1,0.5,0.0,0.0,0.0,0.0,0.0,0.0,0.0,0.0,0.0,0.0,0.0,0.0,0.0,0.0,0.0,0.0
2943.4,-0.033785628600238954,0.0,17295.0,37.0,0.22399999999996778,31.3125,27.0625,37.450000000000045,0.0,0.0025,0.01,0.0,0.0,20.0,0.3,0.1,0.1,0.1,0.1,0.1,0.1,0.1,0.5,0.0,0.0,0.0,0.0,0.0,0.0,0.0,0.0,0.0,0.0,0.0,0.0,0.0,0.0,0.0,0.0
3003.47,-0.026539622844373927,0.0,17295.0,37.0,0.21019999999996752,31.25,27.125,37.190000000000055,0.0,0.0025,0.01,0.0,0.0,20.0,0.3,0.1,0.1,0.1,0.1,0.1,0.1,0.1,0.5,0.0,0.0,0.0,0.0,0.0,0.0,0.0,0.0,0.0,0.0,0.0,0.0,0.0,0.0,0.0,0.0
3063.51,-0.031659679788625376,0.0,17295.0,37.0,0.23409999999996312,31.1875,27.0625,37.110000000000014,0.0,0.0025,0.01,0.0,0.0,20.0,0.3,0.1,0.1,0.1,0.1,0.1,0.1,0.1,0.5,0.0,0.0,0.0,0.0,0.0,0.0,0.0,0.0,0.0,0.0,0.0,0.0,0.0,0.0,0.0,0.0
3123.56,-0.02495277984162604,0.0,17295.0,37.0,0.255999999999964,31.0,26.875,36.93000000000001,0.0,0.0025,0.01,0.0,0.0,20.0,0.3,0.1,0.1,0.1,0.1,0.1,0.1,0.1,0.5,0.0,0.0,0.0,0.0,0.0,0.0,0.0,0.0,0.0,0.0,0.0,0.0,0.0,0.0,0.0,0.0
3183.62,-0.018570076167203187,0.0,17295.0,37.0,0.22089999999996235,30.9375,26.8125,37.13000000000005,0.0,0.0025,0.01,0.0,0.0,20.0,0.3,0.1,0.1,0.1,0.1,0.1,0.1,0.1,0.5,0.0,0.0,0.0,0.0,0.0,0.0,0.0,0.0,0.0,0.0,0.0,0.0,0.0,0.0,0.0,0.0
3243.7,0.052957398666109094,0.0,17295.0,37.0,0.21579999999996186,30.875,26.875,36.97000000000003,0.0,0.0025,0.01,0.0,0.0,20.0,0.3,0.1,0.1,0.1,0.1,0.1,0.1,0.1,0.5,0.0,0.0,0.0,0.0,0.0,0.0,0.0,0.0,0.0,0.0,0.0,0.0,0.0,0.0,0.0,0.0
3303.77,0.010562370738057561,0.0,17295.0,37.0,0.23389999999995198,30.875,26.9375,36.870000000000005,0.0,0.0025,0.01,0.0,0.0,20.0,0.3,0.1,0.1,0.1,0.1,0.1,0.1,0.1,0.5,0.0,0.0,0.0,0.0,0.0,0.0,0.0,0.0,0.0,0.0,0.0,0.0,0.0,0.0,0.0,0.0
3363.8,0.05074849104856204,0.0,17295.0,37.0,0.24909999999996146,30.75,26.75,36.97000000000003,0.0,0.0025,0.01,0.0,0.0,20.0,0.3,0.1,0.1,0.1,0.1,0.1,0.1,0.1,0.5,0.0,0.0,0.0,0.0,0.0,0.0,0.0,0.0,0.0,0.0,0.0,0.0,0.0,0.0,0.0,0.0
3423.86,0.003963658717876137,0.0,17295.0,37.0,0.25349999999995576,30.6875,26.625,36.89000000000004,0.0,0.0025,0.01,0.0,0.0,20.0,0.3,0.1,0.1,0.1,0.1,0.1,0.1,0.1,0.5,0.0,0.0,0.0,0.0,0.0,0.0,0.0,0.0,0.0,0.0,0.0,0.0,0.0,0.0,0.0,0.0
3483.94,-0.00845146729705781,0.0,17295.0,37.0,0.327399999999963,30.625,26.375,36.97000000000003,0.0,0.0025,0.01,0.0,0.0,20.0,0.3,0.1,0.1,0.1,0.1,0.1,0.1,0.1,0.5,0.0,0.0,0.0,0.0,0.0,0.0,0.0,0.0,0.0,0.0,0.0,0.0,0.0,0.0,0.0,0.0
3544.01,-0.028898781640408426,0.0,17295.0,37.0,0.2502999999999595,30.5625,26.5,36.950000000000045,0.0,0.0025,0.01,0.0,0.0,20.0,0.3,0.1,0.1,0.1,0.1,0.1,0.1,0.1,0.5,0.0,0.0,0.0,0.0,0.0,0.0,0.0,0.0,0.0,0.0,0.0,0.0,0.0,0.0,0.0,0.0
3604.05,-0.05293585357125627,0.0,17295.0,37.0,0.6618999999999592,30.5,26.4375,34.83000000000004,0.0,0.0025,0.01,0.0,0.0,20.0,0.3,0.1,0.1,0.1,0.1,0.1,0.1,0.1,0.5,0.0,0.0,0.0,0.0,0.0,0.0,0.0,0.0,0.0,0.0,0.0,0.0,0.0,0.0,0.0,0.0
3664.13,-0.04481169375636749,0.0,17295.0,37.0,1.0,30.125,26.6875,33.63000000000005,0.0,0.0025,0.01,0.0,0.0,20.0,0.3,0.1,0.1,0.1,0.1,0.1,0.1,0.1,0.5,0.0,0.0,0.0,0.0,0.0,0.0,0.0,0.0,0.0,0.0,0.0,0.0,0.0,0.0,0.0,0.0
3724.18,-0.028071535986010407,0.0,17295.0,37.0,1.0,30.0625,26.75,33.93000000000001,0.0,0.0025,0.01,0.0,0.0,20.0,0.3,0.1,0.1,0.1,0.1,0.1,0.1,0.1,0.5,0.0,0.0,0.0,0.0,0.0,0.0,0.0,0.0,0.0,0.0,0.0,0.0,0.0,0.0,0.0,0.0
3784.25,0.010677192971543185,0.0,17295.0,37.0,1.0,30.25,26.8125,34.01000000000005,0.0,0.0025,0.01,0.0,0.0,20.0,0.3,0.1,0.1,0.1,0.1,0.1,0.1,0.1,0.5,0.0,0.0,0.0,0.0,0.0,0.0,0.0,0.0,0.0,0.0,0.0,0.0,0.0,0.0,0.0,0.0
3844.31,-0.04584814748789655,0.0,17295.0,37.0,0.7790499999999476,30.5,26.8125,35.07000000000005,0.0,0.0025,0.01,0.0,0.0,20.0,0.3,0.1,0.1,0.1,0.1,0.1,0.1,0.1,0.5,0.0,0.0,0.0,0.0,0.0,0.0,0.0,0.0,0.0,0.0,0.0,0.0,0.0,0.0,0.0,0.0
3904.37,-0.0433453062222874,0.0,17295.0,37.0,0.6377499999999539,30.8125,27.0,35.83000000000004,0.0,0.0025,0.01,0.0,0.0,20.0,0.3,0.1,0.1,0.1,0.1,0.1,0.1,0.1,0.5,0.0,0.0,0.0,0.0,0.0,0.0,0.0,0.0,0.0,0.0,0.0,0.0,0.0,0.0,0.0,0.0
3964.44,-0.041473561665106365,0.0,17295.0,37.0,0.6220499999999468,31.125,27.125,35.83000000000004,0.0,0.0025,0.01,0.0,0.0,20.0,0.3,0.1,0.1,0.1,0.1,0.1,0.1,0.1,0.5,0.0,0.0,0.0,0.0,0.0,0.0,0.0,0.0,0.0,0.0,0.0,0.0,0.0,0.0,0.0,0.0
4024.5,2.509499191536249,0.0,17295.0,37.0,0.7901499999999559,31.25,27.1875,34.33000000000004,0.0,0.0025,0.01,0.0,0.0,20.0,0.3,0.1,0.1,0.1,0.1,0.1,0.1,0.1,0.5,0.0,0.0,0.0,0.0,0.0,0.0,0.0,0.0,0.0,0.0,0.0,0.0,0.0,0.0,0.0,0.0
4084.53,-0.04829973167079592,0.0,17295.0,37.0,0.8221499999999502,31.3125,27.25,35.47000000000003,0.0,0.0025,0.01,0.0,0.0,20.0,0.3,0.1,0.1,0.1,0.1,0.1,0.1,0.1,0.5,0.0,0.0,0.0,0.0,0.0,0.0,0.0,0.0,0.0,0.0,0.0,0.0,0.0,0.0,0.0,0.0
4144.59,0.008222009914879152,0.0,17295.0,37.0,0.9000499999999452,31.5,27.3125,35.43000000000001,0.0,0.0025,0.01,0.0,0.0,20.0,0.3,0.1,0.1,0.1,0.1,0.1,0.1,0.1,0.5,0.0,0.0,0.0,0.0,0.0,0.0,0.0,0.0,0.0,0.0,0.0,0.0,0.0,0.0,0.0,0.0
4204.66,-0.03421134298879619,0.0,17295.0,37.0,0.7332499999999511,31.625,27.5,36.29000000000002,0.0,0.0025,0.01,0.0,0.0,20.0,0.3,0.1,0.1,0.1,0.1,0.1,0.1,0.1,0.5,0.0,0.0,0.0,0.0,0.0,0.0,0.0,0.0,0.0,0.0,0.0,0.0,0.0,0.0,0.0,0.0
4264.7,-0.05826757794097011,0.0,17295.0,37.0,0.5144499999999521,31.875,27.5625,37.01000000000005,0.0,0.0025,0.01,0.0,0.0,20.0,0.3,0.1,0.1,0.1,0.1,0.1,0.1,0.1,0.5,0.0,0.0,0.0,0.0,0.0,0.0,0.0,0.0,0.0,0.0,0.0,0.0,0.0,0.0,0.0,0.0
4324.75,0.006996136775501921,0.0,17295.0,37.0,0.5479499999999475,32.0,27.625,37.01000000000005,0.0,0.0025,0.01,0.0,0.0,20.0,0.3,0.1,0.1,0.1,0.1,0.1,0.1,0.1,0.5,0.0,0.0,0.0,0.0,0.0,0.0,0.0,0.0,0.0,0.0,0.0,0.0,0.0,0.0,0.0,0.0
4384.81,-0.07557413696251473,0.0,17295.0,37.0,0.6195499999999443,32.125,27.625,36.57000000000005,0.0,0.0025,0.01,0.0,0.0,20.0,0.3,0.1,0.1,0.1,0.1,0.1,0.1,0.1,0.5,0.0,0.0,0.0,0.0,0.0,0.0,0.0,0.0,0.0,0.0,0.0,0.0,0.0,0.0,0.0,0.0
4444.89,-0.1631054003471804,0.0,17295.0,37.0,0.6706499999999498,32.125,27.5625,36.49000000000001,0.0,0.0025,0.01,0.0,0.0,20.0,0.3,0.1,0.1,0.1,0.1,0.1,0.1,0.1,0.5,0.0,0.0,0.0,0.0,0.0,0.0,0.0,0.0,0.0,0.0,0.0,0.0,0.0,0.0,0.0,0.0
4504.96,-0.0586333668202242,0.0,17295.0,37.0,0.7029499999999448,32.1875,27.5625,36.450000000000045,0.0,0.0025,0.01,0.0,0.0,20.0,0.3,0.1,0.1,0.1,0.1,0.1,0.1,0.1,0.5,0.0,0.0,0.0,0.0,0.0,0.0,0.0,0.0,0.0,0.0,0.0,0.0,0.0,0.0,0.0,0.0
4565.06,-0.04354288821233708,0.0,17295.0,37.0,0.6829499999999473,32.125,27.5625,36.450000000000045,0.0,0.0025,0.01,0.0,0.0,20.0,0.3,0.1,0.1,0.1,0.1,0.1,0.1,0.1,0.5,0.0,0.0,0.0,0.0,0.0,0.0,0.0,0.0,0.0,0.0,0.0,0.0,0.0,0.0,0.0,0.0
4625.11,-0.05097740125224315,0.0,17295.0,37.0,0.7485499999999439,32.125,27.6875,36.410000000000025,0.0,0.0025,0.01,0.0,0.0,20.0,0.3,0.1,0.1,0.1,0.1,0.1,0.1,0.1,0.5,0.0,0.0,0.0,0.0,0.0,0.0,0.0,0.0,0.0,0.0,0.0,0.0,0.0,0.0,0.0,0.0
4685.17,-0.03978152136857572,0.0,17295.0,37.0,0.7326499999999418,32.1875,27.6875,36.29000000000002,0.0,0.0025,0.01,0.0,0.0,20.0,0.3,0.1,0.1,0.1,0.1,0.1,0.1,0.1,0.5,0.0,0.0,0.0,0.0,0.0,0.0,0.0,0.0,0.0,0.0,0.0,0.0,0.0,0.0,0.0,0.0
4745.23,-0.030996577593794383,0.0,17295.0,37.0,0.8003499999999382,32.1875,27.8125,36.29000000000002,0.0,0.0025,0.01,0.0,0.0,20.0,0.3,0.1,0.1,0.1,0.1,0.1,0.1,0.1,0.5,0.0,0.0,0.0,0.0,0.0,0.0,0.0,0.0,0.0,0.0,0.0,0.0,0.0,0.0,0.0,0.0
4805.31,-0.04951607932146185,0.0,17295.0,37.0,1.0,32.1875,27.875,34.47000000000003,0.0,0.0025,0.01,0.0,0.0,20.0,0.3,0.1,0.1,0.1,0.1,0.1,0.1,0.1,0.5,0.0,0.0,0.0,0.0,0.0,0.0,0.0,0.0,0.0,0.0,0.0,0.0,0.0,0.0,0.0,0.0
4865.38,-0.028313777409076746,0.0,17295.0,37.0,1.0,31.9375,27.9375,34.370000000000005,0.0,0.0025,0.01,0.0,0.0,20.0,0.3,0.1,0.1,0.1,0.1,0.1,0.1,0.1,0.5,0.0,0.0,0.0,0.0,0.0,0.0,0.0,0.0,0.0,0.0,0.0,0.0,0.0,0.0,0.0,0.0
4925.42,-0.033347314379911445,0.0,17295.0,37.0,1.0,31.9375,27.9375,34.25000000000006,0.0,0.0025,0.01,0.0,0.0,20.0,0.3,0.1,0.1,0.1,0.1,0.1,0.1,0.1,0.5,0.0,0.0,0.0,0.0,0.0,0.0,0.0,0.0,0.0,0.0,0.0,0.0,0.0,0.0,0.0,0.0
4985.5,-0.039447245991365926,0.0,17295.0,37.0,1.0,31.9375,28.0,34.43000000000001,0.0,0.0025,0.01,0.0,0.0,20.0,0.3,0.1,0.1,0.1,0.1,0.1,0.1,0.1,0.5,0.0,0.0,0.0,0.0,0.0,0.0,0.0,0.0,0.0,0.0,0.0,0.0,0.0,0.0,0.0,0.0
5045.57,-0.04254600935602186,0.0,17295.0,37.0,1.0,32.0,28.0625,34.690000000000055,0.0,0.0,0.01,0.0,0.0,20.0,0.3,0.1,0.1,0.1,0.1,0.1,0.1,0.1,0.5,0.0,0.0,0.0,0.0,0.0,0.0,0.0,0.0,0.0,0.0,0.0,0.0,0.0,0.0,0.0,0.0
5105.61,-0.04183718797673253,0.0,17295.0,37.0,1.0,32.1875,28.0625,34.39000000000004,0.0,0.0,0.01,0.0,0.0,20.0,0.3,0.1,0.1,0.1,0.1,0.1,0.1,0.1,0.5,0.0,0.0,0.0,0.0,0.0,0.0,0.0,0.0,0.0,0.0,0.0,0.0,0.0,0.0,0.0,0.0
5165.69,-0.05178457798388875,0.0,17295.0,37.0,1.0,32.625,28.0625,34.450000000000045,0.0,0.0,0.01,0.0,0.0,20.0,0.3,0.1,0.1,0.1,0.1,0.1,0.1,0.1,0.5,0.0,0.0,0.0,0.0,0.0,0.0,0.0,0.0,0.0,0.0,0.0,0.0,0.0,0.0,0.0,0.0
5225.77,0.6280042900729582,0.0,17295.0,37.0,1.0,33.125,28.125,33.77000000000004,0.0,0.0,0.01,0.0,0.0,20.0,0.3,0.1,0.1,0.1,0.1,0.1,0.1,0.1,0.5,0.0,0.0,0.0,0.0,0.0,0.0,0.0,0.0,0.0,0.0,0.0,0.0,0.0,0.0,0.0,0.0
5285.84,-0.03662932319851891,0.0,17295.0,37.0,1.0,33.8125,28.1875,33.57000000000005,0.0,0.0,0.01,0.0,0.0,20.0,0.3,0.1,0.1,0.1,0.1,0.1,0.1,0.1,0.5,0.0,0.0,0.0,0.0,0.0,0.0,0.0,0.0,0.0,0.0,0.0,0.0,0.0,0.0,0.0,0.0
5345.91,0.04501242061429539,0.0,17295.0,37.0,1.0,34.0,28.125,34.170000000000016,0.0,0.0,0.01,0.0,0.0,20.0,0.3,0.1,0.1,0.1,0.1,0.1,0.1,0.1,0.5,0.0,0.0,0.0,0.0,0.0,0.0,0.0,0.0,0.0,0.0,0.0,0.0,0.0,0.0,0.0,0.0
5405.98,-0.04441645483170844,0.0,17295.0,37.0,1.0,33.6875,28.125,34.210000000000036,0.0,0.0,0.01,0.0,0.0,20.0,0.3,0.1,0.1,0.1,0.1,0.1,0.1,0.1,0.5,0.0,0.0,0.0,0.0,0.0,0.0,0.0,0.0,0.0,0.0,0.0,0.0,0.0,0.0,0.0,0.0
5466.06,-0.046374334196934514,0.0,17295.0,37.0,1.0,33.6875,28.25,34.81,0.0,0.0,0.01,0.0,0.0,20.0,0.3,0.1,0.1,0.1,0.1,0.1,0.1,0.1,0.5,0.0,0.0,0.0,0.0,0.0,0.0,0.0,0.0,0.0,0.0,0.0,0.0,0.0,0.0,0.0,0.0
5526.11,-0.06459311718782647,0.0,17295.0,37.0,1.0,33.75,28.25,35.23000000000002,0.0,0.0,0.01,0.0,0.0,20.0,0.3,0.1,0.1,0.1,0.1,0.1,0.1,0.1,0.5,0.0,0.0,0.0,0.0,0.0,0.0,0.0,0.0,0.0,0.0,0.0,0.0,0.0,0.0,0.0,0.0
5586.14,-0.0522769847001861,0.0,17295.0,37.0,1.0,33.75,28.3125,35.51000000000005,0.0,0.0,0.01,0.0,0.0,20.0,0.3,0.1,0.1,0.1,0.1,0.1,0.1,0.1,0.5,0.0,0.0,0.0,0.0,0.0,0.0,0.0,0.0,0.0,0.0,0.0,0.0,0.0,0.0,0.0,0.0
5646.19,-0.04401501224705524,0.0,17295.0,37.0,1.0,33.6875,28.25,35.35000000000002,0.0,0.0,0.01,0.0,0.0,20.0,0.3,0.1,0.1,0.1,0.1,0.1,0.1,0.1,0.5,0.0,0.0,0.0,0.0,0.0,0.0,0.0,0.0,0.0,0.0,0.0,0.0,0.0,0.0,0.0,0.0
5706.27,-0.019909910793083067,0.0,17295.0,37.0,1.0,33.625,28.25,36.05000000000001,0.0,0.0,0.01,0.0,0.0,20.0,0.3,0.1,0.1,0.1,0.1,0.1,0.1,0.1,0.5,0.0,0.0,0.0,0.0,0.0,0.0,0.0,0.0,0.0,0.0,0.0,0.0,0.0,0.0,0.0,0.0
5766.34,-0.034407739233682476,0.0,17295.0,37.0,0.619249999999936,33.875,28.25,37.79000000000002,0.0,0.0025,0.01,0.0,0.0,20.0,0.3,0.1,0.1,0.1,0.1,0.1,0.1,0.1,0.5,0.0,0.0,0.0,0.0,0.0,0.0,0.0,0.0,0.0,0.0,0.0,0.0,0.0,0.0,0.0,0.0
5826.42,-0.05057673811083095,0.0,17295.0,37.0,0.3055499999999295,34.0625,28.25,38.870000000000005,0.0,0.0025,0.01,0.0,0.0,20.0,0.3,0.1,0.1,0.1,0.1,0.1,0.1,0.1,0.5,0.0,0.0,0.0,0.0,0.0,0.0,0.0,0.0,0.0,0.0,0.0,0.0,0.0,0.0,0.0,0.0
5886.48,-0.04710543507404842,0.0,17295.0,37.0,0.0,34.0625,28.1875,39.13000000000005,0.0,0.0025,0.01,0.0,0.0,20.0,0.3,0.1,0.1,0.1,0.1,0.1,0.1,0.1,0.5,0.0,0.0,0.0,0.0,0.0,0.0,0.0,0.0,0.0,0.0,0.0,0.0,0.0,0.0,0.0,0.0
5946.53,-0.0512415374419146,0.0,17295.0,37.0,0.0,33.9375,28.25,39.13000000000005,0.0,0.0025,0.01,0.0,0.0,20.0,0.3,0.1,0.1,0.1,0.1,0.1,0.1,0.1,0.5,0.0,0.0,0.0,0.0,0.0,0.0,0.0,0.0,0.0,0.0,0.0,0.0,0.0,0.0,0.0,0.0
6006.59,-0.06314188427342254,0.0,17295.0,37.0,0.24204999999993349,33.875,28.25,38.79000000000002,0.0,0.0025,0.01,0.0,0.0,20.0,0.3,0.1,0.1,0.1,0.1,0.1,0.1,0.1,0.5,0.0,0.0,0.0,0.0,0.0,0.0,0.0,0.0,0.0,0.0,0.0,0.0,0.0,0.0,0.0,0.0
6066.63,-0.0518533974062211,0.0,17295.0,37.0,0.23394999999993404,33.6875,28.1875,38.690000000000055,0.0,0.0025,0.01,0.0,0.0,20.0,0.3,0.1,0.1,0.1,0.1,0.1,0.1,0.1,0.5,0.0,0.0,0.0,0.0,0.0,0.0,0.0,0.0,0.0,0.0,0.0,0.0,0.0,0.0,0.0,0.0
6126.7,-0.05107356832310172,0.0,17295.0,37.0,0.22324999999992445,33.5,28.25,38.53000000000003,0.0,0.0025,0.01,0.0,0.0,20.0,0.3,0.1,0.1,0.1,0.1,0.1,0.1,0.1,0.5,0.0,0.0,0.0,0.0,0.0,0.0,0.0,0.0,0.0,0.0,0.0,0.0,0.0,0.0,0.0,0.0
6186.74,-0.05319556355676133,0.0,17295.0,37.0,0.1327499999999271,33.3125,28.25,38.63000000000005,0.0,0.0025,0.01,0.0,0.0,20.0,0.3,0.1,0.1,0.1,0.1,0.1,0.1,0.1,0.5,0.0,0.0,0.0,0.0,0.0,0.0,0.0,0.0,0.0,0.0,0.0,0.0,0.0,0.0,0.0,0.0
6246.78,-0.05671070992755544,0.0,17295.0,37.0,0.15594999999993364,33.125,28.1875,38.370000000000005,0.0,0.0025,0.01,0.0,0.0,20.0,0.3,0.1,0.1,0.1,0.1,0.1,0.1,0.1,0.5,0.0,0.0,0.0,0.0,0.0,0.0,0.0,0.0,0.0,0.0,0.0,0.0,0.0,0.0,0.0,0.0
6306.83,-0.05560830232028509,0.0,17295.0,37.0,0.1283499999999338,32.875,28.1875,38.35000000000002,0.0,0.0025,0.01,0.0,0.0,20.0,0.3,0.1,0.1,0.1,0.1,0.1,0.1,0.1,0.5,0.0,0.0,0.0,0.0,0.0,0.0,0.0,0.0,0.0,0.0,0.0,0.0,0.0,0.0,0.0,0.0
6366.9,-0.0438628939892879,0.0,17295.0,37.0,0.2071499999999326,32.625,28.1875,38.01000000000005,0.0,0.0025,0.01,0.0,0.0,20.0,0.3,0.1,0.1,0.1,0.1,0.1,0.1,0.1,0.5,0.0,0.0,0.0,0.0,0.0,0.0,0.0,0.0,0.0,0.0,0.0,0.0,0.0,0.0,0.0,0.0
6426.97,-0.03135621830815721,0.0,17295.0,37.0,0.23954999999991933,32.5,28.1875,37.690000000000055,0.0,0.0025,0.01,0.0,0.0,20.0,0.3,0.1,0.1,0.1,0.1,0.1,0.1,0.1,0.5,0.0,0.0,0.0,0.0,0.0,0.0,0.0,0.0,0.0,0.0,0.0,0.0,0.0,0.0,0.0,0.0
6487.04,-0.04518231546978922,0.0,17295.0,37.0,0.21344999999991832,32.25,28.25,37.610000000000014,0.0,0.0025,0.01,0.0,0.0,20.0,0.3,0.1,0.1,0.1,0.1,0.1,0.1,0.1,0.5,0.0,0.0,0.0,0.0,0.0,0.0,0.0,0.0,0.0,0.0,0.0,0.0,0.0,0.0,0.0,0.0
6547.1,-0.048503029254091175,0.0,17295.0,37.0,0.19034999999991714,32.0625,28.1875,37.49000000000001,0.0,0.0025,0.01,0.0,0.0,20.0,0.3,0.1,0.1,0.1,0.1,0.1,0.1,0.1,0.5,0.0,0.0,0.0,0.0,0.0,0.0,0.0,0.0,0.0,0.0,0.0,0.0,0.0,0.0,0.0,0.0
6607.14,-0.048148783766377753,0.0,17295.0,37.0,0.18254999999991628,32.0,28.1875,37.59000000000003,0.0,0.0025,0.01,0.0,0.0,20.0,0.3,0.1,0.1,0.1,0.1,0.1,0.1,0.1,0.5,0.0,0.0,0.0,0.0,0.0,0.0,0.0,0.0,0.0,0.0,0.0,0.0,0.0,0.0,0.0,0.0
6667.2,-0.03838505383476861,0.0,17295.0,37.0,0.23704999999992754,31.8125,28.125,37.43000000000001,0.0,0.0025,0.01,0.0,0.0,20.0,0.3,0.1,0.1,0.1,0.1,0.1,0.1,0.1,0.5,0.0,0.0,0.0,0.0,0.0,0.0,0.0,0.0,0.0,0.0,0.0,0.0,0.0,0.0,0.0,0.0
6727.28,-0.04866631454746444,0.0,17295.0,37.0,0.27184999999991405,31.75,28.125,37.25000000000006,0.0,0.0025,0.01,0.0,0.0,20.0,0.3,0.1,0.1,0.1,0.1,0.1,0.1,0.1,0.5,0.0,0.0,0.0,0.0,0.0,0.0,0.0,0.0,0.0,0.0,0.0,0.0,0.0,0.0,0.0,0.0
6787.33,-0.03497429054920717,0.0,17295.0,37.0,0.27874999999991346,31.6875,28.0,37.210000000000036,0.0,0.0025,0.01,0.0,0.0,20.0,0.3,0.1,0.1,0.1,0.1,0.1,0.1,0.1,0.5,0.0,0.0,0.0,0.0,0.0,0.0,0.0,0.0,0.0,0.0,0.0,0.0,0.0,0.0,0.0,0.0
6847.36,-0.04873331466877654,0.0,17295.0,37.0,0.28744999999991294,31.5625,28.0,37.170000000000016,0.0,0.0025,0.01,0.0,0.0,20.0,0.3,0.1,0.1,0.1,0.1,0.1,0.1,0.1,0.5,0.0,0.0,0.0,0.0,0.0,0.0,0.0,0.0,0.0,0.0,0.0,0.0,0.0,0.0,0.0,0.0
6907.43,-0.05262029937930236,0.0,17295.0,37.0,0.23904999999992005,31.5,27.875,37.110000000000014,0.0,0.0025,0.01,0.0,0.0,20.0,0.3,0.1,0.1,0.1,0.1,0.1,0.1,0.1,0.5,0.0,0.0,0.0,0.0,0.0,0.0,0.0,0.0,0.0,0.0,0.0,0.0,0.0,0.0,0.0,0.0
6967.51,5.5084741937382375,0.0,17295.0,37.0,1.0,31.0,27.75,35.370000000000005,0.0,0.0025,0.01,0.0,0.0,20.0,0.3,0.1,0.1,0.1,0.1,0.1,0.1,0.1,0.5,0.0,0.0,0.0,0.0,0.0,0.0,0.0,0.0,0.0,0.0,0.0,0.0,0.0,0.0,0.0,0.0
7027.59,0.36584447429784905,0.0,17295.0,37.0,1.0,30.75,27.875,30.310000000000002,0.0,0.0025,0.01,0.0,0.0,20.0,0.3,0.1,0.1,0.1,0.1,0.1,0.1,0.1,0.5,0.0,0.0,0.0,0.0,0.0,0.0,0.0,0.0,0.0,0.0,0.0,0.0,0.0,0.0,0.0,0.0
7087.62,-0.04423726021686739,0.0,17295.0,37.0,0.531749999999923,30.9375,27.75,36.25000000000006,0.0,0.0025,0.01,0.0,0.0,20.0,0.3,0.1,0.1,0.1,0.1,0.1,0.1,0.1,0.5,0.0,0.0,0.0,0.0,0.0,0.0,0.0,0.0,0.0,0.0,0.0,0.0,0.0,0.0,0.0,0.0
7147.67,-0.02261885310914155,0.0,17295.0,37.0,0.44334999999990904,31.1875,27.875,36.89000000000004,0.0,0.0025,0.01,0.0,0.0,20.0,0.3,0.1,0.1,0.1,0.1,0.1,0.1,0.1,0.5,0.0,0.0,0.0,0.0,0.0,0.0,0.0,0.0,0.0,0.0,0.0,0.0,0.0,0.0,0.0,0.0
7207.73,-0.05315269428133731,0.0,17295.0,37.0,0.2858499999999167,31.5625,28.0,37.27000000000004,0.0,0.0025,0.01,0.0,0.0,20.0,0.3,0.1,0.1,0.1,0.1,0.1,0.1,0.1,0.5,0.0,0.0,0.0,0.0,0.0,0.0,0.0,0.0,0.0,0.0,0.0,0.0,0.0,0.0,0.0,0.0
7267.79,-0.04399322936244375,0.0,17295.0,37.0,0.2447499999999146,31.5,28.0625,37.49000000000001,0.0,0.0025,0.01,0.0,0.0,20.0,0.3,0.1,0.1,0.1,0.1,0.1,0.1,0.1,0.5,0.0,0.0,0.0,0.0,0.0,0.0,0.0,0.0,0.0,0.0,0.0,0.0,0.0,0.0,0.0,0.0
7327.88,-0.023263977944466836,0.0,17295.0,37.0,0.21734999999990823,31.5625,28.125,37.53000000000003,0.0,0.0025,0.01,0.0,0.0,20.0,0.3,0.1,0.1,0.1,0.1,0.1,0.1,0.1,0.5,0.0,0.0,0.0,0.0,0.0,0.0,0.0,0.0,0.0,0.0,0.0,0.0,0.0,0.0,0.0,0.0
7387.94,-0.010682805836518813,0.0,17295.0,37.0,0.24474999999991404,31.625,28.1875,37.27000000000004,0.0,0.0025,0.01,0.0,0.0,20.0,0.3,0.1,0.1,0.1,0.1,0.1,0.1,0.1,0.5,0.0,0.0,0.0,0.0,0.0,0.0,0.0,0.0,0.0,0.0,0.0,0.0,0.0,0.0,0.0,0.0
7447.97,0.12977401561264354,0.0,17295.0,37.0,0.2457499999999037,31.5625,28.1875,37.29000000000002,0.0,0.0025,0.01,0.0,0.0,20.0,0.3,0.1,0.1,0.1,0.1,0.1,0.1,0.1,0.5,0.0,0.0,0.0,0.0,0.0,0.0,0.0,0.0,0.0,0.0,0.0,0.0,0.0,0.0,0.0,0.0
7508.04,-0.10523983810015329,0.0,17295.0,37.0,0.23704999999990223,31.5,27.9375,37.370000000000005,0.0,0.0025,0.01,0.0,0.0,20.0,0.3,0.1,0.1,0.1,0.1,0.1,0.1,0.1,0.5,0.0,0.0,0.0,0.0,0.0,0.0,0.0,0.0,0.0,0.0,0.0,0.0,0.0,0.0,0.0,0.0
7568.11,-0.038007321223402314,0.0,17295.0,37.0,0.24514999999990145,31.4375,27.9375,37.13000000000005,0.0,0.0025,0.01,0.0,0.0,20.0,0.3,0.1,0.1,0.1,0.1,0.1,0.1,0.1,0.5,0.0,0.0,0.0,0.0,0.0,0.0,0.0,0.0,0.0,0.0,0.0,0.0,0.0,0.0,0.0,0.0
7628.18,-0.013366897532994255,0.0,17295.0,37.0,0.2456499999999101,31.4375,28.0625,37.13000000000005,0.0,0.0025,0.01,0.0,0.0,20.0,0.3,0.1,0.1,0.1,0.1,0.1,0.1,0.1,0.5,0.0,0.0,0.0,0.0,0.0,0.0,0.0,0.0,0.0,0.0,0.0,0.0,0.0,0.0,0.0,0.0
7688.25,-0.0028011825326746623,0.0,17295.0,37.0,0.2917499999999066,31.375,27.8125,37.05000000000001,0.0,0.0025,0.01,0.0,0.0,20.0,0.3,0.1,0.1,0.1,0.1,0.1,0.1,0.1,0.5,0.0,0.0,0.0,0.0,0.0,0.0,0.0,0.0,0.0,0.0,0.0,0.0,0.0,0.0,0.0,0.0
7748.33,-0.0158864012952706,0.0,17295.0,37.0,0.2584499999999042,31.3125,27.9375,37.110000000000014,0.0,0.0025,0.01,0.0,0.0,20.0,0.3,0.1,0.1,0.1,0.1,0.1,0.1,0.1,0.5,0.0,0.0,0.0,0.0,0.0,0.0,0.0,0.0,0.0,0.0,0.0,0.0,0.0,0.0,0.0,0.0
7808.39,-0.027556137202211214,0.0,17295.0,37.0,0.26364999999990857,31.25,28.0625,37.210000000000036,0.0,0.0025,0.01,0.0,0.0,20.0,0.3,0.1,0.1,0.1,0.1,0.1,0.1,0.1,0.5,0.0,0.0,0.0,0.0,0.0,0.0,0.0,0.0,0.0,0.0,0.0,0.0,0.0,0.0,0.0,0.0
7868.44,-0.025814229420685193,0.0,17295.0,37.0,0.26914999999989847,31.1875,28.125,36.85000000000002,0.0,0.0025,0.01,0.0,0.0,20.0,0.3,0.1,0.1,0.1,0.1,0.1,0.1,0.1,0.5,0.0,0.0,0.0,0.0,0.0,0.0,0.0,0.0,0.0,0.0,0.0,0.0,0.0,0.0,0.0,0.0
7928.48,-0.024366475472687537,0.0,17295.0,37.0,0.2803499999999025,31.1875,28.0625,36.79000000000002,0.0,0.0025,0.01,0.0,0.0,20.0,0.3,0.1,0.1,0.1,0.1,0.1,0.1,0.1,0.5,0.0,0.0,0.0,0.0,0.0,0.0,0.0,0.0,0.0,0.0,0.0,0.0,0.0,0.0,0.0,0.0
7988.56,-0.03575257069221537,0.0,17295.0,37.0,0.2629499999999007,31.0625,28.0625,37.03000000000003,0.0,0.0025,0.01,0.0,0.0,20.0,0.3,0.1,0.1,0.1,0.1,0.1,0.1,0.1,0.5,0.0,0.0,0.0,0.0,0.0,0.0,0.0,0.0,0.0,0.0,0.0,0.0,0.0,0.0,0.0,0.0
8048.64,-0.04563698305828026,0.0,17295.0,37.0,0.2558499999999046,31.0625,28.125,36.870000000000005,0.0,0.0025,0.01,0.0,0.0,20.0,0.3,0.1,0.1,0.1,0.1,0.1,0.1,0.1,0.5,0.0,0.0,0.0,0.0,0.0,0.0,0.0,0.0,0.0,0.0,0.0,0.0,0.0,0.0,0.0,0.0
8108.67,-0.029785173578117528,0.0,17295.0,37.0,0.3256499999999014,31.0625,28.1875,36.77000000000004,0.0,0.0025,0.01,0.0,0.0,20.0,0.3,0.1,0.1,0.1,0.1,0.1,0.1,0.1,0.5,0.0,0.0,0.0,0.0,0.0,0.0,0.0,0.0,0.0,0.0,0.0,0.0,0.0,0.0,0.0,0.0
8168.72,-0.07344678898082257,0.0,17295.0,37.0,1.0,30.625,28.1875,34.55000000000001,0.0,0.0025,0.01,0.0,0.0,20.0,0.3,0.1,0.1,0.1,0.1,0.1,0.1,0.1,0.5,0.0,0.0,0.0,0.0,0.0,0.0,0.0,0.0,0.0,0.0,0.0,0.0,0.0,0.0,0.0,0.0
8228.78,-0.015728100796412483,0.0,17295.0,37.0,0.7861499999999026,30.3125,28.125,35.01000000000005,0.0,0.0025,0.01,0.0,0.0,20.0,0.3,0.1,0.1,0.1,0.1,0.1,0.1,0.1,0.5,0.0,0.0,0.0,0.0,0.0,0.0,0.0,0.0,0.0,0.0,0.0,0.0,0.0,0.0,0.0,0.0
8288.85,-0.04379760504796139,0.0,17295.0,37.0,0.5997499999999031,30.4375,28.1875,35.99000000000001,0.0,0.0025,0.01,0.0,0.0,20.0,0.3,0.1,0.1,0.1,0.1,0.1,0.1,0.1,0.5,0.0,0.0,0.0,0.0,0.0,0.0,0.0,0.0,0.0,0.0,0.0,0.0,0.0,0.0,0.0,0.0
8348.92,-0.019661661324554852,0.0,17295.0,37.0,0.4741499999999022,30.625,28.125,36.690000000000055,0.0,0.0025,0.01,0.0,0.0,20.0,0.3,0.1,0.1,0.1,0.1,0.1,0.1,0.1,0.5,0.0,0.0,0.0,0.0,0.0,0.0,0.0,0.0,0.0,0.0,0.0,0.0,0.0,0.0,0.0,0.0
8408.99,-0.09601218208392581,0.0,17295.0,37.0,0.32204999999989586,30.875,28.0,36.97000000000003,0.0,0.0025,0.01,0.0,0.0,20.0,0.3,0.1,0.1,0.1,0.1,0.1,0.1,0.1,0.5,0.0,0.0,0.0,0.0,0.0,0.0,0.0,0.0,0.0,0.0,0.0,0.0,0.0,0.0,0.0,0.0
8469.03,-0.09302064493726689,0.0,17295.0,37.0,0.25214999999989235,30.875,28.0,37.170000000000016,0.0,0.0025,0.01,0.0,0.0,20.0,0.3,0.1,0.1,0.1,0.1,0.1,0.1,0.1,0.5,0.0,0.0,0.0,0.0,0.0,0.0,0.0,0.0,0.0,0.0,0.0,0.0,0.0,0.0,0.0,0.0
8529.11,-0.06992333733113826,0.0,17295.0,37.0,0.25134999999989704,30.9375,28.0,37.170000000000016,0.0,0.0025,0.01,0.0,0.0,20.0,0.3,0.1,0.1,0.1,0.1,0.1,0.1,0.1,0.5,0.0,0.0,0.0,0.0,0.0,0.0,0.0,0.0,0.0,0.0,0.0,0.0,0.0,0.0,0.0,0.0
8589.19,-0.02633307216886876,0.0,17295.0,37.0,0.2829499999998882,30.875,28.0,36.950000000000045,0.0,0.0025,0.01,0.0,0.0,20.0,0.3,0.1,0.1,0.1,0.1,0.1,0.1,0.1,0.5,0.0,0.0,0.0,0.0,0.0,0.0,0.0,0.0,0.0,0.0,0.0,0.0,0.0,0.0,0.0,0.0
8649.26,-0.06247073750270957,0.0,17295.0,37.0,0.23244999999989546,31.0625,28.0,37.33000000000004,0.0,0.0025,0.01,0.0,0.0,20.0,0.3,0.1,0.1,0.1,0.1,0.1,0.1,0.1,0.5,0.0,0.0,0.0,0.0,0.0,0.0,0.0,0.0,0.0,0.0,0.0,0.0,0.0,0.0,0.0,0.0
